entsoltest1.glasswallsolutions.com,TRUE
entsoltest2.glasswallsolutions.com,TRUE
entsoltest3.glasswallsolutions.com,TRUE
entsoltest4.glasswallsolutions.com,TRUE
entsoltest5.glasswallsolutions.com,TRUE
entsoltest6.glasswallsolutions.com,TRUE
entsoltest7.glasswallsolutions.com,TRUE
entsoltest8.glasswallsolutions.com,TRUE
entsoltest9.glasswallsolutions.com,TRUE
entsoltest10.glasswallsolutions.com,TRUE
entsoltest11.glasswallsolutions.com,TRUE
entsoltest12.glasswallsolutions.com,TRUE
entsoltest13.glasswallsolutions.com,TRUE
entsoltest14.glasswallsolutions.com,TRUE
entsoltest15.glasswallsolutions.com,TRUE
entsoltest16.glasswallsolutions.com,TRUE
entsoltest17.glasswallsolutions.com,TRUE
entsoltest18.glasswallsolutions.com,TRUE
entsoltest19.glasswallsolutions.com,TRUE
entsoltest20.glasswallsolutions.com,TRUE
entsoltest20.glasswallsolutions.com,TRUE
entsoltest20.glasswallsolutions.com,TRUE
entsoltest20.glasswallsolutions.com,TRUE
entsoltest20.glasswallsolutions.com,TRUE
entsoltest20.glasswallsolutions.com,TRUE
entsoltest20.glasswallsolutions.com,TRUE
entsoltest20.glasswallsolutions.com,TRUE
entsoltest20.glasswallsolutions.com,TRUE
entsoltest20.glasswallsolutions.com,TRUE
entsoltest20.glasswallsolutions.com,TRUE
entsoltest20.glasswallsolutions.com,TRUE
entsoltest20.glasswallsolutions.com,TRUE
entsoltest20.glasswallsolutions.com,TRUE
entsoltest20.glasswallsolutions.com,TRUE
entsoltest20.glasswallsolutions.com,TRUE
entsoltest20.glasswallsolutions.com,TRUE
entsoltest20.glasswallsolutions.com,TRUE
entsoltest20.glasswallsolutions.com,TRUE
entsoltest20.glasswallsolutions.com,TRUE
entsoltest20.glasswallsolutions.com,TRUE
entsoltest20.glasswallsolutions.com,TRUE
entsoltest20.glasswallsolutions.com,TRUE
entsoltest20.glasswallsolutions.com,TRUE
entsoltest20.glasswallsolutions.com,TRUE
entsoltest20.glasswallsolutions.com,TRUE
entsoltest20.glasswallsolutions.com,TRUE
entsoltest20.glasswallsolutions.com,TRUE
entsoltest20.glasswallsolutions.com,TRUE
entsoltest20.glasswallsolutions.com,TRUE
entsoltest20.glasswallsolutions.com,TRUE
entsoltest20.glasswallsolutions.com,TRUE
entsoltest20.glasswallsolutions.com,TRUE
entsoltest20.glasswallsolutions.com,TRUE
entsoltest20.glasswallsolutions.com,TRUE
entsoltest20.glasswallsolutions.com,TRUE
entsoltest20.glasswallsolutions.com,TRUE
entsoltest20.glasswallsolutions.com,TRUE
entsoltest20.glasswallsolutions.com,TRUE
entsoltest20.glasswallsolutions.com,TRUE
entsoltest20.glasswallsolutions.com,TRUE
